puNumber,box_office
111000113,2450.0
111000115,61040.0
111000116,153030013.4
111000117,12260956.0
111000118,163684057.79
111000119,4293649.51
111000212,200.0
111000216,355567.0
111000313,710.0
111000314,1607970.0
111000315,36550.0
111000318,56357980.56
111000319,194845829.65
111000411,11740.0
111000412,1920.0
111000413,7104.0
111000415,446163511.0
111000416,81430626.82
111000417,123970133.0
111000419,53449711.94
111000512,6000.0
111000513,779027.6
111000515,72578317.4
111000516,58500.0
111000518,1445731797.89
111000519,439776371.25
111000610,760.0
111000611,1790.0
111000612,6775.0
111000613,4827.0
111000614,20400.0
111000615,366998.0
111000617,1802175.0
111000619,11700861.81
111000711,42691.0
111000714,16255.0
111000715,451812221.7
111000716,87810.0
111000717,262040254.0
111000718,114925585.76
111000810,14990.0
111000812,480.0
111000816,24007803.98
111000818,4743315.0
111000910,32175.0
111000912,13350.0
111000915,197464.5
111000916,363622804.9
111000917,355422.0
111000918,389818769.03
111001012,10310.0
111001013,860.0
111001014,4295.0
111001015,56505055.6
111001017,28345493.0
111001018,46260.0
111001110,4530.0
111001114,17790.0
111001115,310738.0
111001116,159879167.4
111001118,80289852.9
111001211,8485.0
111001212,30715.0
111001215,11663188.0
111001216,194527.0
111001218,22154071.04
111001310,3980.0
111001311,200.0
111001313,31805.0
111001315,22723575.0
111001317,544332260.0
111001318,450175414.13
111001319,36356076.06
111001414,6465.0
111001415,401804461.9
111001416,60161.0
111001418,4052397.76
111001510,120.0
111001511,490.0
111001512,22175.0
111001515,1400800.0
111001517,334007366.0
111001519,524897298.17
111001610,0.0
111001612,12779.0
111001613,3545.0
111001617,410058.0
111001618,633462266.74
111001710,1657.0
111001712,2200.0
111001714,3601982.0
111001717,8667192.0
111001810,1020.0
111001811,3970.0
111001812,3490.0
111001815,352804320.4
111001818,46319097.4
111001911,5620.0
111001912,14438.0
111001913,10534.0
111001917,274246.0
111001918,100476.0
111001919,136900.0
111002011,2325.0
111002015,0.0
111002017,342898736.0
111002018,44401434.6
111002019,2446886.0
111002113,7525.0
111002114,10345.0
111002211,3643.0
111002212,10470.0
111002215,51907.5
111002216,240.0
111002319,17358253.31
111002412,11400.0
111002413,3300.0
111002414,0.0
111002415,126148703.6
111002417,495068.0
111002418,1812034.0
111002419,138162876.53
111002511,360.0
111002512,1070.0
111002513,4110.0
111002514,4900.0
111002517,5729521.0
111002613,11680.0
111002614,13200.0
111002615,3192.0
111002618,95755094.88
111002713,16610.0
111002714,950.0
111002715,33005527.3
111002717,476180.0
111002719,303620.0
111002813,22480.0
111002818,1699377.0
111002911,1260.0
111002914,7225.0
111002915,249166767.7
111002918,4462845.5
111003010,115.0
111003011,50200.0
111003012,0.0
111003018,5102191.0
111003112,200.0
111003115,24605374.1
111003116,1900.0
111003215,40050.0
111003218,820528005.21
111003219,34992.0
111003314,28140.0
111003318,6133468.51
111003414,136340.0
111003415,334750.0
111003418,5539973.15
111003419,421571.5
111003512,87795.0
111003514,80175.0
111003515,19820.0
111003517,95385289.0
111003613,10745.0
111003615,854334.5
111003616,360.0
111003618,16703796.99
111003619,86371124.57
111003713,1000.0
111003715,76720211.4
111003716,420.0
111003719,155938.0
111003810,660.0
111003811,1630.0
111003813,42975.0
111003815,132984969.1
111003816,3200.0
111003819,1263461.52
111003914,12915.0
111004014,380.0
111004015,1600.0
111004017,18746156.0
111004018,3363230.23
111004019,5799073.05
111004113,5955.0
111004115,61193.0
111004117,10739479.0
111004119,307650644.24
111004210,520.0
111004212,600.0
111004213,19957031.5
111004215,12748398.3
111004310,1916.0
111004313,2100.0
111004314,55917.5
111004315,241620.0
111004316,59635.0
111004317,50451949.0
111004318,299260193.31
111004319,16334733.0
111004411,465.0
111004414,232100.0
111004415,977480.0
111004416,130053.0
111004417,1067649.0
111004510,2620.0
111004513,24510.0
111004514,18115.0
111004515,2220979.5
111004516,100511807.8
111004519,214871745.61
111004611,14900.0
111004614,76360.0
111004615,359980.0
111004616,11740.0
111004617,407968.0
111004710,980.0
111004711,1030.0
111004712,85153.0
111004714,4050.0
111004715,162249.0
111004716,270538437.9
111004717,3648777.5
111004718,204158417.05
111004811,6265.0
111004812,4960.0
111004813,650.0
111004814,239405.0
111004815,4170660.0
111004816,435132.0
111004817,2094094.96
111004818,21522348.2
111004912,12240.0
111004913,20225.0
111004915,4972557.9
111004916,15362931.43
111004918,2959639.23
111004919,788647.0
111005013,10575.0
111005016,52556389.32
111005017,5503875.0
111005113,3075.0
111005114,346964.0
111005115,172221.0
111005116,1820081.0
111005117,802765.0
111005119,6152598.0
111005212,11955.0
111005214,642571.0
111005219,1156776.0
111005310,1230.0
111005311,1290.0
111005313,365353.6
111005316,4020.0
111005318,899420.0
111005319,4398.4
111005411,1365.0
111005412,27995.0
111005413,4720.0
111005416,1402255390.0
111005513,39680.0
111005515,300.0
111005516,30200.0
111005518,313755.0
111005612,3475.0
111005613,1300.0
111005616,152470.0
111005711,7300.0
111005713,33500.0
111005714,108910.0
111005716,32900.0
111005717,511775548.0
111005718,1530665.48
111005812,650.0
111005814,223251.0
111005815,84720.0
111005816,456626.5
111005817,335865039.0
111005910,0.0
111005911,1996.0
111005912,6220.0
111005913,3370.0
111005914,690.0
111005915,67500.0
111005916,1301350.5
111005918,1662223.0
111005919,120308430.15
111006011,250.0
111006013,40.0
111006016,9100.0
111006017,3677875.0
111006018,1283251.5
111006110,1710.0
111006113,100.0
111006116,166576637.9
111006117,77837.0
111006118,41003313.49
111006214,3066962.0
111006216,20250.0
111006217,113925353.0
111006311,225.0
111006313,2060.0
111006316,481011.0
111006318,90512398.81
111006319,46350172.49
111006410,3660.0
111006418,2440533.7
111006419,3217854.0
111006510,4690.0
111006511,1800.0
111006513,550.0
111006518,22730244.88
111006519,12175713.0
111006610,24978.0
111006612,2820.0
111006613,35945.0
111006618,1280235.5
111006619,44729932.68
111006710,3595.0
111006711,4635.0
111006712,0.0
111006714,9155.0
111006717,137326373.0
111006719,408646665.7
111006815,1660.0
111006817,105949130.0
111006819,9197107.51
111006911,300.0
111006912,140250.0
111006914,113935.0
111006916,15206808.84
111006917,752679777.0
111007011,360.0
111007012,33290.0
111007013,2700.0
111007014,149063.0
111007016,56800.0
111007017,1655037688.0
111007019,55876887.4
111007111,6711.0
111007112,23230.0
111007113,2400.0
111007114,0.0
111007115,830.0
111007117,1231902.0
111007118,51280.0
111007119,7228655.57
111007211,500.0
111007213,1165.0
111007217,7189790.0
111007218,3803518.68
111007219,6903398.5
111007310,5355.0
111007316,2348425.0
111007319,636264.0
111007413,380.0
111007416,60132.0
111007417,388919.0
111007419,2258384.0
111007515,5000.0
111007516,31045194.04
111007517,96235483.23
111007518,2188742.0
111007610,1590.0
111007613,0.0
111007616,530489.0
111007617,590405065.0
111007618,100874704.69
111007619,75850.0
111007710,225.0
111007713,1020.0
111007714,6277796.2
111007716,35897.0
111007717,168512.0
111007718,711362.5
111007810,10685.0
111007813,3550.0
111007814,1000.0
111007817,270497.0
111007818,16507560.58
111007819,12316723.64
111007910,3878.0
111007914,34250.0
111007919,10933431.92
111008011,7185.0
111008014,239976.0
111008016,55800.0
111008018,35239299.31
111008019,636446.5
111008110,250.0
111008210,2855.0
111008213,1149.0
111008215,181747.0
111008216,70299052.0
111008218,113743748.3
111008311,5141.0
111008313,3270.0
111008315,1109238.0
111008316,46877952.08
111008319,5751740.5
111008413,880.0
111008414,235625.0
111008415,250508.0
111008416,15045819.56
111008419,27525124.4
111008513,1100.0
111008514,360.0
111008516,1760990.0
111008519,476537.0
111008611,2820.0
111008613,3580.0
111008614,554251.0
111008615,144040.0
111008618,21293657.44
111008710,900.0
111008715,6457303.02
111008716,658870.0
111008719,1279863.0
111008811,2870.0
111008814,16210.0
111008815,4568857.3
111008816,43922035.7
111008819,1535332.5
111008914,38044.0
111008916,335075.0
111009011,5000.0
111009014,44705.0
111009016,122586.5
111009111,5695.0
111009113,6380.0
111009118,288019.5
111009119,97637352.29
111009210,15500.0
111009213,14900.0
111009214,1000.0
111009215,19654526.3
111009216,3300.0
111009310,100.0
111009311,73416.0
111009313,750.0
111009314,109375.0
111009316,4954508.0
111009410,4729.0
111009411,5405.0
111009414,136030.0
111009415,1184344.0
111009416,278000.0
111009419,83991589.62
111009511,10898.0
111009515,1250374.0
111009516,16814329.46
111009519,103098290.54
111009611,30160.0
111009613,6065.0
111009614,0.0
111009615,67418974.8
111009616,368738.0
111009619,16763623.31
111009713,115850.0
111009714,88120041.1
111009715,2325871.1
111009716,2000.0
111009810,680.0
111009813,37985.0
111009815,0.0
111009816,71955528.89
111009818,61720825.82
111009819,7093374.3
111009913,600.0
111009914,12910.0
111009915,15020703.5
111009916,1975132.0
111010010,300.0
111010011,4578.0
111010013,73180.0
111010014,900.0
111010015,12027431.0
111010110,13075.0
111010111,2200.0
111010113,110779.0
111010115,654450.0
111010210,300.0
111010214,335041.0
111010215,1957738.51
111010219,716681.5
111010314,252820.5
111010315,190953419.4
111010319,1626889.0
111010414,2260.0
111010415,18780020.9
111010511,6580.0
111010513,1795.0
111010515,739938.0
111010615,9468913.5
111010616,618263.0
111010619,1957979.5
111010710,125.0
111010715,1307120.01
111010716,1250996.0
111010810,8795.0
111010816,587178.0
111010817,126713450.16
111010913,1850.0
111010916,9000.0
111011013,0.0
111011015,4450.0
111011017,75927739.98
111011115,9200824.5
111011117,253575226.83
111011210,300.0
111011215,51862014.2
111011216,483403.0
111011217,49587309.0
111011310,180.0
111011315,6000.0
111011316,322155.0
111011318,289040.0
111011416,1030756.5
111011514,11960.0
111011515,1572434.5
111011516,275852.0
111011517,2671050.0
111011518,2453299.34
111011614,200.0
111011615,350517.0
111011616,87710161.53
111011617,855451052.0
111011618,988413.0
111011716,607588.0
111011717,8425367.6
111011719,596072.0
111011810,1820.0
111011815,10355541.11
111011816,58720.0
111011817,2779686144.0
111011914,165.0
111011916,18700.0
111011919,264971.0
111012014,520.0
111012015,371118.0
111012016,95650.0
111012017,30156174.04
111012018,107979.0
111012116,29822146.51
111012117,225196400.03
111012118,78718.5
111012213,420.0
111012216,37266709.89
111012218,23720901.47
111012219,2923602.5
111012316,14177647.0
111012317,87707397.08
111012318,187760.0
111012319,27853374.23
111012413,200.0
111012416,30393100.72
111012514,1525.0
111012516,11066749.18
111012518,477775.0
111012614,5000.0
111012618,279013.5
111012716,62260863.65
111012719,1900650.94
111012816,457576.0
111012819,333597059.59
111012914,330.0
111012915,1580.0
111012916,1104161.0
111013019,24101208.37
111013114,13190.0
111013116,460714064.4
111013215,9977812.5
111013216,3353677.06
111013219,18878460.81
111013313,2890.0
111013316,4535915.5
111013319,2532679.0
111013416,9680744.0
111013418,42469.0
111013419,38811307.87
111013518,453616494.54
111013613,3040.0
111013619,32721103.43
111013713,200.0
111013714,4731239.5
111013719,943479.0
111013813,4808.0
111013819,547720.0
111013914,28373445.6
111013915,0.0
111013918,64263342.33
111013919,182882.5
111014014,165.0
111014018,55685.0
111014213,9450.0
111014214,1523750.0
111014219,104763979.99
111014314,855778.0
111014413,4960.0
111014414,32244810.0
111014419,54243202.71
111014513,27780.0
111014519,22038632.94
111014613,1081797.0
111014614,236845.0
111014618,3559301.5
111014619,509707.0
111014713,7755.0
111014718,3228504.0
111014719,96830245.58
111014814,180108.0
111014819,3402053.55
111014913,1188.0
111014914,393344626.3
111015014,5610.0
111015015,2490.0
111015018,2662002.99
111015114,35560.0
111015214,43534847.1
111015218,807011.5
111015314,955970.5
111015416,364285139.6
111015518,238858.0
111015614,70729876.2
111015616,37500320.46
111015619,379954258.56
111015716,51704986.0
111015819,172871342.04
111015914,1420.0
111015916,4728000.02
111016014,780.0
111016016,188605593.3
111016018,393279629.43
111016115,130430203.9
111016118,70705339.65
111016215,182510.0
111016216,2186272.0
111016218,135211.0
111016219,13848461.92
111016315,214014.5
111016316,337069662.8
111016414,2055.0
111016415,14936676.3
111016416,19393384.34
111016516,175799581.0
111016615,52882302.120000005
111016616,7323648.0
111016714,50.0
111016715,60810.0
111016815,42210.0
111016816,195614.0
111016915,11298281.1
111016916,22329257.0
111017016,53834509.81
111017115,72937783.2
111017116,0.0
111017214,6630.0
111017215,83950.0
111017216,130176.0
111017315,196572438.4
111017318,98265.0
111017319,66504721.61
111017415,11034433.2
111017416,228578204.0
111017516,915023.06
111017615,43761962.6
111017718,169040.5
111017719,4101781.0
111017815,683029061.4
111017816,82840.0
111017818,6980940.0
111017915,110171448.5
111017918,21363842.53
111018015,3200.0
111018016,308401482.7
111018018,1215773.5
111018019,497190.0
111018116,1038321489.0
111018215,2323980.0
111018216,259099078.0
111018218,103134751.12
111018219,3591456.36
111018314,8640.0
111018315,16077204.0
111018319,163684958.82
111018414,460.0
111018415,294590750.6
111018416,54532167.93
111018418,438755.5
111018515,194780.0
111018516,52494731.9
111018519,3181218.0
111018614,100.0
111018615,16567774.1
111018719,114090162.74
111018816,11332412.0
111018819,434992.5
111018915,57403543.48
111018916,17009688.0
111018918,37515653.58
111019015,11300.0
111019016,42933480.0
111019018,674920.0
111019115,15913291.5
111019118,603123.5
111019214,2575.0
111019219,86340133.01
111019315,11011814.3
111019415,23463406.9
111019419,18617156.96
111019515,129333.5
111019519,1039706431.83
111019615,801370.0
111019715,1550.0
111019719,16696944.62
111019815,2525662.3
111019915,95302304.44
111019918,13528437.62
111020014,620.0
111020015,42176.0
111020018,70798668.9
111020115,220536.51
111020215,70790954.1
111020318,184731757.62
111020415,301074873.8
111020715,2905469.51
111020815,85405423.61
111020818,7292610.09
111020915,86190.0
111021015,18645525.66
111021115,168688859.1
111021118,93743018.64
111021214,170.0
111021315,100805.0
111021415,3792050.52
111021615,1434072.5
111021715,51220.0
111021719,3073568690.79
111021819,129500.0
111021914,370.0
111021918,41225.0
111021919,367224.0
111022019,717703185.53
111022114,1820.0
111022118,1386930.0
111022214,1400.0
111022814,154461832.0
111023014,425970499.0
111023018,4805348.52
111023114,121225633.8
111023214,869181.0
111023314,277475.0
111023318,1682680039.03
111023514,17990.0
111023614,10234016.1
111023814,5945.0
111023818,31761131.34
111023918,701507030.27
111024018,106388226.57
111024514,1825.0
111024918,2271754004.52
111025414,9300.0
111025918,1042023.0
111026018,1590168.02
111026118,1677745.0
111026218,922848.0
111026418,119607532.46
111027314,1700.0
111027714,14650.0
111028014,405.0
111028314,425.0
111028714,300.0
111028814,28150.0
111029114,2400.0
111029614,500.0
111029814,22660.0
111029914,18160.0
112000215,150.0
112000416,869148.0
112000419,23420274.32
112000516,19100.0
112003118,2837319.02
112003319,298060.0
112004019,81000.0
112004519,1973137.0
112006718,872839.5
112006918,136355.0
112009518,98083.0
112013318,214749.0
112025118,7175.0
113000116,492710.5
113000419,494964.0
113000518,1854170.0
113000519,2459667.5
113000818,317426.5
114000112,2680.0
114000113,5874.0
114000115,15078858.6
114000116,2804263.0
114000212,1740.0
114000213,11560.0
114000214,313489846.5
114000215,3353333.6
114000216,4206711.5
114000219,108195236.2
114000310,22247.0
114000311,2830.0
114000312,17715.0
114000315,2943318.7
114000316,5277879.9
114000412,78270.0
114000414,6432.0
114000415,4084228.0
114000510,16139.0
114000512,351643.0
114000513,96846.0
114000514,17376.0
114000515,3912457.1
114000516,143817593.8
114000518,67271499.59
114000613,83448.0
114000615,168725.0
114000616,3430271.0
114000715,2956298.4
114000816,3360271.5
114000817,206478186.0
114000911,87911.0
114000915,1950019.0
114000916,3140318.0
114001016,159025.0
114001018,106514301.03
114001115,1719609.0
114001215,1455524.9
114001216,2571294.1
114001310,45225.0
114001316,2955934.6
114001417,941788.0
114001418,30325879.15
114001515,1427582.0
114001516,5183871.0
114001517,48557861.0
114001615,974703.0
114001715,184487551.4
114001716,12190.0
114001815,1076695.5
114001816,4628842.94
114001817,55108014.76
114002015,79208553.7
114002115,2591302.5
114002116,4746947.5
114002215,1052549.0
114002216,86386.0
114002315,3517006.5
114002316,4034973.5
114002415,70785.0
114002419,147606826.51
114002515,3846431.3
114002517,416349089.0
114002616,339794.0
114002715,4920933.0
114002716,772490.0
114002815,242403434.6
114002816,3554233.1
114002817,22178956.0
114002915,5265220.0
114002916,3778317.8
114003015,72749216.5
114003018,83366328.66
114003115,5863578.1
114003116,4692814.9
114003215,4394105.0
114003216,19027901.76
114003316,4723798.86
114003317,759226773.0
114003415,4256823.5
114003416,34899699.18
114003515,28285.0
114003516,31517776.73
114003615,69693747.93
114003616,3334346.6
114003715,38334497.27
114003716,3640802.3
114003815,5223563.0
114003816,3133221.41
114003915,4769410.83
114004015,2243108.96
114004019,68549523.47
114004115,704928216.0
114004216,1618346.6
114004316,253949.0
114004416,1700.0
114004819,387590521.72
114005019,501069235.0
114006218,2633655.03
114006518,1334699.4
114008818,577368853.25
114010018,185318326.02
120018015,3067727.5
121000115,109146197.1
121000116,249059512.8
121000117,8216845.0
121000118,33937770.39
121000119,4783481.5
121000215,68561037.3
121000216,217170923.9
121000217,87991.0
121000218,3945473.01
121000310,560.0
121000312,210.0
121000315,94950250.8
121000316,550965.5
121000317,161086.0
121000318,23231819.83
121000319,1057968.0
121000414,1070.0
121000416,5872718.3
121000417,2428366.0
121000419,3535771.0
121000511,3890.0
121000515,534657816.8
121000516,18435638.58
121000517,23050223.0
121000518,681695551.27
121000519,2150333.22
121000610,420.0
121000615,581522463.1
121000616,87902451.41
121000617,5600007.0
121000618,4002584.0
121000619,757864674.99
121000713,550.0
121000715,36862561.1
121000717,814460.0
121000718,1697546.5
121000719,2094231.02
121000810,150.0
121000814,54330.0
121000816,9378604.4
121000817,27752401.0
121000818,14866371.33
121000819,214750607.89
121000913,33360.0
121000914,28690.0
121000915,23191414.0
121000916,30108282.86
121000917,52984377.0
121000918,26968897.39
121000919,8085578.74
121001015,130730.0
121001016,18439240.55
121001017,12281831.0
121001018,72896300.44
121001019,76709327.56
121001114,400.0
121001115,41544550.6
121001116,22021383.71
121001117,1219685.0
121001118,16711722.11
121001119,38824198.52
121001215,1486131019.0
121001216,66361446.23
121001217,202103407.0
121001218,35440402.55
121001219,3505648.0
121001310,1585.0
121001311,2905.0
121001314,16730.0
121001315,19102615.4
121001316,68738.5
121001317,176081742.0
121001318,10789124.27
121001319,45570116.58
121001412,5760.0
121001414,370.0
121001415,143760455.2
121001416,474952.0
121001417,19924407.0
121001419,2009266.0
121001515,4011864.5
121001516,16269205.58
121001517,880511273.0
121001519,16213371.99
121001615,31048143.4
121001616,62300.0
121001617,533443705.0
121001618,295906.5
121001712,82400.0
121001713,120.0
121001715,730237.0
121001716,3443223.9
121001717,9010548.0
121001718,1570876.52
121001719,1892689.5
121001815,7180251.5
121001816,152013302.9
121001817,671060369.0
121001818,8637197.82
121001819,14124059.52
121001915,10682215.9
121001916,9381926.11
121001917,23969331.0
121001918,956165.5
121002016,41380066.83
121002017,331247719.0
121002018,29045830.52
121002019,52000551.2
121002116,1587516389.0
121002117,17307352.0
121002118,243211.0
121002119,1144426298.04
121002211,180.0
121002214,2413090.2
121002215,1171189.0
121002216,6754350.01
121002217,6890293.0
121002218,137330265.84
121002219,2628674.76
121002315,3965619.0
121002316,332371.0
121002317,26640937.0
121002318,11521237.66
121002319,39555817.36
121002415,39229270.6
121002416,1255719.0
121002417,2204898.0
121002419,127365724.05
121002514,976600.0
121002516,2046934.5
121002517,9876765.0
121002519,1252028.5
121002610,7503.0
121002614,0.0
121002615,1429859.0
121002616,65087057.43
121002617,333015955.0
121002618,955498949.57
121002619,4237829.5
121002714,450.0
121002715,22343626.0
121002716,5085192.98
121002717,804578.0
121002718,141896307.26
121002811,200.0
121002814,420.0
121002815,785030.0
121002816,1007437.0
121002817,67831700.0
121002818,7942259.5
121002915,779637.0
121002916,574543.0
121002917,4007935.0
121002918,47602971.0
121003015,1684717.6
121003016,1105183.5
121003017,21241907.0
121003018,15354380.57
121003019,3591049.0
121003115,44279440.2
121003116,10251855.5
121003117,100654910.0
121003118,1052879.5
121003119,124719701.28
121003204,3010.0
121003216,18496158.01
121003217,2600822.0
121003218,4351779.49
121003219,13469793.36
121003312,1460.0
121003315,9767021.5
121003316,8139192.5
121003317,607225934.0
121003318,5032782.01
121003319,18910986.53
121003414,13420.0
121003415,1608257.0
121003416,31770255.89
121003417,38563421.0
121003418,434117.0
121003419,4929934.5
121003514,4570.0
121003515,398883270.6
121003516,33805195.13
121003517,12757675.0
121003518,5737208.5
121003614,20220.0
121003615,528732557.7
121003616,670702033.0
121003617,11385317.0
121003618,33436954.65
121003619,7150701.5
121003715,6408600.5
121003716,13128447.63
121003717,2128955.0
121003718,17506988.57
121003719,1773235.5
121003813,190.0
121003816,240602.5
121003817,1837312.0
121003818,42251788.46
121003819,1086442.54
121003911,540.0
121003913,23160.0
121003915,28656197.9
121003916,3713097.51
121003917,69054802.0
121003918,1261019.5
121004016,53167839.77
121004017,732287208.0
121004018,15101769.82
121004019,880463.0
121004112,550.0
121004113,865.0
121004115,23983117.7
121004116,140501616.0
121004117,2322497.0
121004118,6916502.2
121004211,720.0
121004216,388938913.9
121004217,6217963.0
121004218,332254857.14
121004219,9553451.83
121004311,14430.0
121004315,15351562.5
121004316,959307.0
121004317,5596672.0
121004318,2966703.01
121004319,34669435.82
121004414,1815.0
121004416,27630900.04
121004417,10387327.0
121004418,419541696.52
121004419,16707120.55
121004510,580.0
121004513,300.0
121004515,25870987.2
121004516,6375444.6
121004517,296229480.0
121004518,474071.5
121004519,3256960.0
121004614,7130.0
121004615,490175572.4
121004616,253516.0
121004617,209616468.0
121004618,145974.0
121004619,10563113.02
121004714,6720.0
121004715,1720747.0
121004716,29485179.69
121004717,530473.0
121004718,196352.5
121004719,34832812.41
121004814,11650.0
121004815,264325.0
121004816,809638458.6
121004817,34911714.0
121004818,3860453.0
121004914,5900.0
121004915,1057061.9
121004916,136810879.1
121004917,5678355.0
121004918,54064626.78
121004919,32893708.17
121005011,10320.0
121005012,8000.0
121005014,251140.0
121005015,16149552.8
121005016,4609867.51
121005017,2522174.0
121005018,38641570.97
121005019,1770316.5
121005115,33247568.7
121005116,1735813.31
121005117,83493770.0
121005118,7386430.23
121005119,2662824.5
121005215,2171457.5
121005216,7564179.32
121005217,458015614.0
121005218,595604032.22
121005219,14343267.14
121005311,56850.0
121005315,51149467.0
121005316,23766252.9
121005317,695556.0
121005318,505894712.01
121005319,2753610.64
121005415,903455.0
121005416,38958757.32
121005417,1840199.0
121005418,738802825.71
121005419,472692133.49
121005513,340.0
121005514,2590.0
121005515,504286.5
121005516,80897104.5
121005517,3139961.0
121005518,13322618.5
121005519,2576613776.83
121005615,78970.0
121005616,214526360.3
121005617,1429976813.0
121005618,8891102.21
121005619,2399461.5
121005712,760.0
121005715,52495.0
121005716,1012970.51
121005717,9024725.0
121005719,9355374.84
121005814,400.0
121005816,3162713.5
121005817,267122.0
121005818,82506.0
121005819,142196863.98
121005913,1950.0
121005915,13078460.5
121005916,5705974.54
121005917,12116755.0
121005919,1142156.5
121006012,30500.0
121006015,16184128.2
121006017,966539.0
121006018,1529807.5
121006019,2482317.0
121006116,1750742.5
121006117,824167.0
121006118,8931965.66
121006119,23601594.31
121006213,13610.0
121006215,27803020.2
121006216,1652882.5
121006217,9968340.0
121006218,38327993.65
121006219,1492792.0
121006311,975.0
121006315,104645.0
121006316,27200398.96
121006317,20486130.0
121006318,2600698.0
121006410,75.0
121006415,8882107.4
121006416,29941895.14
121006417,13666903.0
121006418,45679693.36
121006419,1801882.0
121006511,465.0
121006515,1211158990.0
121006516,322284.0
121006517,1139858.0
121006518,9269381.5
121006519,634644321.83
121006615,42329420.4
121006616,1216781413.0
121006617,1487471.0
121006618,5496568.52
121006619,4765559.5
121006717,2414891.0
121006718,321806332.37
121006811,150.0
121006817,3663175.0
121006818,4822207.0
121006819,245756613.08
121006915,12102092.5
121006916,1544985.5
121006918,382323772.8
121007010,895.0
121007015,18061216.9
121007016,763958.0
121007017,41010977.0
121007018,1587221.51
121007019,30084581.97
121007115,37297724.6
121007116,408816606.9
121007117,96828842.0
121007118,1594574.5
121007119,3405545.76
121007213,400.0
121007215,1500989281.9
121007216,643337593.9
121007217,3418891.0
121007218,2899547.5
121007311,450.0
121007313,360.0
121007314,165890.0
121007315,14463770.5
121007316,3123331.0
121007317,716241845.0
121007318,16118254.0
121007319,8356319.71
121007410,1570.0
121007413,2455.0
121007414,1000.0
121007415,1059238.5
121007416,60531051.94
121007417,24941936.0
121007418,21064919.46
121007514,2480.0
121007515,7004030.7
121007516,2925092.01
121007517,18958074.0
121007518,236487.0
121007615,4808555.1
121007616,2060823.0
121007617,708331.0
121007618,1076162.5
121007712,780.0
121007715,1300200.0
121007716,17138926.64
121007717,19174428.0
121007718,2087021.0
121007810,2650.0
121007815,540328.0
121007817,397025811.0
121007818,17771149.88
121007819,1288427.0
121007915,3481913.6
121007917,433831.0
121007918,2566376.97
121008011,9680.0
121008014,3690.0
121008015,47780.0
121008017,2591609.0
121008018,145820078.94
121008019,188358506.57
121008114,300.0
121008115,338985.5
121008116,1659108.09
121008117,1468779681.0
121008118,3808487.5
121008119,21390102.93
121008215,422271.0
121008216,262693.0
121008217,27197607.0
121008218,143390.5
121008219,2149592.0
121008314,750.0
121008315,2164404.5
121008317,31478782.0
121008318,5667338.21
121008319,2405108.51
121008415,996669.0
121008417,60006283.0
121008418,24294621.52
121008513,7745.0
121008515,6144303.0
121008517,434714.0
121008518,26003013.88
121008610,0.0
121008613,18135.0
121008614,22490.0
121008615,7099294.5
121008616,1030010.5
121008618,37919335.33
121008619,143998019.37
121008710,930.0
121008714,4060.0
121008715,8973210.3
121008716,39467510.98
121008718,154203680.39
121008815,4654761.4
121008816,11915678.6
121008818,1544473.01
121008910,6950.0
121008914,118650.0
121008915,33495374.0
121008916,1237661.01
121008917,3046839.0
121008918,1685818.5
121009015,636862.5
121009017,5604702.0
121009018,6202270.05
121009112,17020.0
121009115,7209.0
121009116,12982133.68
121009117,14969857.0
121009118,1875989712.42
121009214,1950.0
121009215,47005.0
121009216,885429.5
121009217,2118396119.0
121009218,4098450.97
121009219,2815146.25
121009312,2311220.0
121009313,25740.0
121009315,9578673.0
121009317,476348021.0
121009318,106328891.37
121009319,3565967.0
121009415,3449486.0
121009417,2120138.0
121009418,15745639.98
121009419,7386708.52
121009514,5380.0
121009515,9358511.3
121009517,1329830.0
121009518,4695386.0
121009519,356127.0
121009610,2120.0
121009612,1600.0
121009613,10135.0
121009614,360.0
121009615,650165993.51
121009616,5180850.5
121009617,41066347.0
121009618,1236762617.32
121009619,2532606.0
121009714,4800.0
121009715,535810483.9
121009716,25557823.87
121009717,10897083.0
121009718,30927770.05
121009719,199396759.12
121009812,1600.0
121009815,12466638.5
121009816,35175923.55
121009817,871151453.0
121009818,143640918.91
121009914,100.0
121009915,4402502.5
121009916,61038012.94
121009917,1324712.0
121009918,44067410.31
121010015,392768845.5
121010016,600.0
121010017,602682.0
121010018,83186490.08
121010113,4400.0
121010115,310968626.2
121010116,6131431.3
121010117,3194239.0
121010118,550690.0
121010119,62039039.79
121010213,300.0
121010215,353619952.0
121010216,1332887.0
121010217,211016459.0
121010315,282604493.0
121010316,955507415.0
121010317,41696586.0
121010318,345686872.16
121010415,109320.0
121010416,710627.01
121010417,15219359.0
121010418,1796963.5
121010419,344341348.31
121010515,886190.5
121010516,3375685.0
121010517,6861539.0
121010518,2268508.5
121010614,6870.0
121010615,4280693.5
121010616,493391.5
121010617,120553773.0
121010618,1763212.5
121010715,2362304.1
121010716,387231.0
121010717,21675345.0
121010718,1096832545.7
121010813,1900.0
121010815,1791633.0
121010816,12173513.01
121010817,1455562.0
121010818,1402677.0
121010819,2276644.94
121010911,1360.0
121010912,17680.0
121010915,4170249.0
121010916,603191180.4
121010917,6114615.0
121010918,12419862.5
121010919,60743504.4
121011011,4700.0
121011015,4010421.9
121011016,2798595.0
121011017,1315402.0
121011018,17232366.47
121011019,800069.5
121011113,585.0
121011115,2875257.5
121011118,4814192.0
121011119,3695157.08
121011210,700.0
121011213,12930.0
121011215,1744835.0
121011217,37828028.0
121011218,60703175.9
121011219,4367482.86
121011310,295.0
121011314,2080.0
121011315,1500411.0
121011316,19450.0
121011317,6188067.0
121011318,19748347.41
121011319,4146185.66
121011412,235.0
121011414,550.0
121011415,94000864.1
121011417,614126089.0
121011418,3642053.0
121011511,16150.0
121011515,4321194.6
121011516,9628144.64
121011517,876034229.0
121011518,1015431.51
121011519,81364262.36
121011611,9000.0
121011613,23930.0
121011614,0.0
121011616,121923565.2
121011617,44893740.0
121011618,19027937.7
121011619,3232788.0
121011715,150913371.2
121011716,1307254117.0
121011717,867511365.0
121011718,1262150.5
121011719,5028070.0
121011815,56120.0
121011816,1139585.5
121011817,1639669.0
121011818,549050.0
121011819,2486673.0
121011911,105700.0
121011914,13160.0
121011915,15116062.0
121011916,556796281.8
121011917,1869220.0
121011918,113812868.86
121011919,438116605.55
121012015,13507624.3
121012016,1021426122.0
121012017,24695840.0
121012018,10390929.84
121012019,26259140.07
121012115,2576074.5
121012116,15200296.13
121012117,8292491.0
121012118,6499311.0
121012214,780.0
121012217,15608905.0
121012218,11509082.48
121012316,300.0
121012317,1128682.0
121012318,2511204.99
121012319,327351.5
121012414,2300.0
121012415,1060054283.0
121012417,4856233.0
121012418,5233047.94
121012419,292140.0
121012515,19263437.0
121012517,5517854.0
121012518,5313511.94
121012519,1825288.96
121012613,1360.0
121012615,89271786.0
121012617,12289624.0
121012618,60600270.22
121012712,74100.0
121012715,50601989.9
121012717,4259314.0
121012718,10482832.26
121012719,481552224.42
121012815,630550647.8
121012816,1440.0
121012817,42927213.0
121012818,409187242.27
121012819,264015.0
121012915,54982058.2
121012917,316040320.0
121012918,6494174.71
121012919,4274680.9
121013011,1040.0
121013012,470427.0
121013014,0.0
121013015,5774690.0
121013017,38514546.0
121013018,22783387.32
121013019,5056881.33
121013110,350.0
121013114,1200.0
121013115,744870.5
121013117,2208849.0
121013118,10675007.49
121013119,116550.0
121013210,130.0
121013215,4578468.0
121013216,72701485.46
121013217,88601901.0
121013218,164732068.65
121013219,2265781.29
121013315,4784781.5
121013316,1291533.0
121013317,24310.0
121013318,21164351.34
121013319,12985002.93
121013410,1700.0
121013414,12890.0
121013415,844808.0
121013417,23441120.0
121013418,12093741.91
121013419,1378306.01
121013514,253240.0
121013515,293236641.5
121013517,7616924.0
121013518,5544612.0
121013519,4883153.0
121013615,63238149.9
121013617,303785635.0
121013618,2720472.0
121013619,8523922.5
121013710,168411.0
121013713,260.0
121013715,94940553.4
121013717,466423367.0
121013718,10484019.76
121013719,9702037.67
121013811,2850.0
121013815,91807583.4
121013817,6074068.0
121013818,2597359.0
121013819,944890.0
121013914,2441370.0
121013915,19184783.6
121013917,195110029.0
121013918,14407891.0
121013919,284524397.6
121014011,150.0
121014013,48300.0
121014014,1250.0
121014015,68937290.9
121014017,1327944.0
121014018,719313953.78
121014019,5901733.46
121014115,11516459.3
121014117,19500775.0
121014118,8292672.0
121014119,418607611.6
121014211,1920.0
121014215,89380.5
121014217,1951257.0
121014218,2829548.56
121014219,2108793.0
121014312,1600.0
121014317,1123910.0
121014318,427240422.82
121014319,72795292.56
121014415,318835822.0
121014417,682090.0
121014418,12305202.44
121014419,83100.0
121014515,587487039.9
121014518,39241009.81
121014519,28535378.46
121014613,0.0
121014615,1208016.5
121014618,9314710.5
121014619,2888226.29
121014714,2020.0
121014715,72702624.6
121014717,13686591.0
121014718,24872554.03
121014719,4732610.1
121014813,3900.0
121014815,2284862.0
121014817,8068123.0
121014818,50694541.17
121014819,1866460.0
121014911,765.0
121014914,304910.0
121014915,3981184.5
121014917,793655711.0
121014918,868115386.03
121015011,25770.0
121015014,180700.0
121015015,19808355.6
121015016,1065448.0
121015017,335137159.0
121015018,20325794.01
121015111,33240.0
121015115,152779068.0
121015116,1536756.0
121015117,647648.0
121015118,5675503.5
121015211,500.0
121015212,32493.0
121015215,294842966.0
121015217,1089771.0
121015218,2227155.01
121015315,37100479.2
121015317,9580738.0
121015318,17867055.74
121015319,593297732.56
121015411,800.0
121015415,569488830.3
121015418,2249302.5
121015419,58778318.09
121015515,44077507.8
121015516,272871725.2
121015518,4080942.0
121015519,16744334.29
121015615,19655520.1
121015618,517537710.04
121015619,891760.5
121015715,57025019.0
121015718,48325099.4
121015719,3162645.0
121015815,296651399.0
121015818,11138681.0
121015819,5731405.1
121015914,1400.0
121015915,573332918.4
121015917,268550254.0
121015918,4508064.51
121016012,180.0
121016014,1260.0
121016015,783851.0
121016017,29907635.0
121016018,8028592.0
121016019,98174012.32
121016113,960.0
121016114,1540.0
121016115,581840.0
121016118,47659920.82
121016119,35413.0
121016212,2410.0
121016214,2569090.0
121016215,484055452.7
121016217,38450576.0
121016218,120320169.76
121016219,5603216.55
121016313,1800.0
121016317,9919415.0
121016318,88306403.33
121016319,6434587.4
121016415,214412030.9
121016416,18600.0
121016417,1925476.0
121016418,253132971.88
121016419,911340.0
121016513,400.0
121016515,173752385.2
121016517,3915309.0
121016519,931941.0
121016618,10583414.44
121016619,56652916.63
121016712,1200.0
121016715,36448738.3
121016717,75754973.0
121016718,548216762.97
121016719,187973.5
121016814,319937.5
121016815,761930.0
121016817,807233.0
121016818,2125748.85
121016819,349243824.5
121016913,600.0
121016915,110883735.5
121016918,588883.5
121016919,181469735.01
121017015,1680757.0
121017018,1324522.05
121017019,4229946.52
121017111,57050.0
121017115,39628856.6
121017117,190037983.0
121017118,1699681.5
121017213,2000.0
121017215,17265095.2
121017217,4483340.0
121017218,11690948.5
121017219,9479265.98
121017310,240.0
121017313,240.0
121017317,13573726.0
121017318,37448540.97
121017319,391618.0
121017411,3085.0
121017412,540.0
121017413,11050.0
121017415,1444212.0
121017417,11031012.0
121017418,80639550.98
121017419,463485.0
121017514,1660.0
121017515,121770114.1
121017517,10598124.0
121017518,115402502.81
121017519,13756282.26
121017614,760.0
121017615,353788.5
121017617,1036725434.0
121017618,11349996.0
121017619,1429137.0
121017715,30778027.4
121017717,10495889.0
121017719,6689235.5
121017811,500.0
121017815,1633834.0
121017817,675390964.0
121017818,95167526.89
121017819,42898693.12
121017914,7500.0
121017915,7759589.8
121017918,1962266.5
121017919,108473817.14
121018013,200.0
121018016,33887947.04
121018017,11763394.0
121018018,123399519.19
121018019,1203696013.3
121018112,1680.0
121018115,27984071.0
121018116,99530233.94
121018117,699254.0
121018118,3082763.02
121018119,58351843.08
121018216,19253233.42
121018217,32074783.0
121018218,30384061.87
121018219,16949986.24
121018316,8252640.7
121018317,26991451.0
121018318,6800228.94
121018410,54060.0
121018412,1385.0
121018413,3000.0
121018415,13196732.8
121018416,2165614.0
121018417,12401514.0
121018418,68002109.13
121018515,2106938.5
121018516,2883624.01
121018517,1534736.0
121018518,27438807.78
121018519,3924123.0
121018615,687596.5
121018616,530917936.6
121018617,2362257.0
121018618,5129695.51
121018619,4972510.48
121018715,1056040.0
121018716,344190718.3
121018717,3206246.0
121018718,745019.5
121018719,212821214.01
121018813,250.0
121018815,5034342.4
121018816,1570380294.0
121018817,138152939.0
121018818,13839305.15
121018819,1490149.5
121018913,148220.0
121018914,3310.0
121018915,156861.0
121018916,1479719.51
121018918,1133848.0
121018919,27120188.51
121019013,1580.0
121019015,292389696.8
121019016,25177029.87
121019017,97960998.0
121019018,145448.0
121019019,1564262.0
121019113,1600.0
121019114,575530.0
121019115,1546580.5
121019116,244624727.1
121019117,7304343.0
121019118,13034773.4
121019215,5900.0
121019216,26818936.95
121019217,71173828.0
121019218,11602094.0
121019219,5131647.53
121019314,400.0
121019315,4327265.7
121019316,27552066.24
121019317,1097314.0
121019318,22882152.25
121019319,7897741.62
121019413,240.0
121019414,1700.0
121019415,655891.5
121019416,373765787.1
121019417,6142519.0
121019418,7604945.8
121019419,8569387.42
121019515,3353017.2
121019516,85616378.36
121019517,521791823.0
121019518,526930.0
121019519,54010254.23
121019615,1276031.0
121019616,181669329.7
121019617,57293208.0
121019618,878324.5
121019619,3064805.0
121019715,259204335.6
121019716,2256872.0
121019718,200123441.01
121019814,24845.0
121019815,2660658.6
121019817,812149.0
121019818,11167919.06
121019819,2828528.0
121019912,54265.0
121019915,133745461.4
121019916,378059.0
121019917,1381021.0
121019918,2764005.51
121019919,3203581.62
121020012,1045.0
121020015,2338049.9
121020016,12352913.62
121020017,5984473.0
121020018,5096521.97
121020019,4601033.6
121020115,136105721.4
121020116,6746190.9
121020118,472520804.83
121020210,0.0
121020215,302904460.6
121020216,9948422.07
121020218,14688038.39
121020219,41616573.67
121020315,42190953.9
121020316,1735656.2
121020317,4075657.0
121020318,2556867.51
121020319,4288938.5
121020411,1710.0
121020414,1850.0
121020415,26069577.2
121020416,113009869.4
121020417,814425.0
121020418,564602377.68
121020419,4902848.0
121020514,780.0
121020515,23967.5
121020516,58733.5
121020517,35967571.0
121020518,175710506.24
121020519,2093517.0
121020615,1282382.0
121020616,1191851.0
121020617,3871491.0
121020618,7052504.0
121020619,17612144.67
121020710,2050.0
121020715,450738.0
121020716,44554615.86
121020717,41437146.0
121020718,10646513.0
121020719,1508877.0
121020814,4814265.5
121020815,27668770.7
121020816,1576405.0
121020817,9702077.0
121020818,128011267.6
121020819,15807297.81
121020910,250.0
121020915,182432425.1
121020916,246493212.4
121020917,10741189.0
121020918,34031876.15
121021010,1700.0
121021014,822023.0
121021015,571224107.2
121021016,288508493.4
121021017,564531440.0
121021018,5182537.67
121021019,6720891.97
121021113,940.0
121021114,500.0
121021115,1652357.0
121021116,18231694.85
121021117,67791.0
121021118,14054639.01
121021119,4795133.5
121021210,2300.0
121021213,720.0
121021215,330529.6
121021216,7378749.21
121021217,23094240.0
121021218,207737248.13
121021219,117789747.38
121021312,250.0
121021315,2330104.0
121021316,208838073.6
121021317,1151353.0
121021318,1393898.5
121021319,1065210005.03
121021414,500.0
121021415,136223214.8
121021416,19565350.78
121021417,20381625.0
121021418,8751895.75
121021419,2527935.85
121021514,385450.0
121021516,12572951.53
121021517,351995.0
121021518,4097465.36
121021611,635.0
121021612,260.0
121021615,8171959.8
121021616,5381233.7
121021617,1311310.0
121021618,3243553.8
121021619,179239.0
121021703,13720.0
121021713,830.0
121021715,767274597.9
121021716,3915041.02
121021717,866359507.0
121021718,170287050.61
121021719,1121948935.25
121021810,2396.0
121021815,818004.5
121021817,406436.0
121021818,851489.02
121021819,2595629.5
121021911,1200.0
121021912,1110.0
121021913,540.0
121021915,30701345.4
121021916,11998709.88
121021917,480077.0
121021918,1342679.0
121021919,1541769.0
121022015,32019740.2
121022016,10113896.93
121022018,1913257923.06
121022019,1683790.5
121022115,47245168.2
121022117,2240087.0
121022118,160443494.15
121022119,10252284.84
121022210,550.0
121022215,295133.0
121022217,5853559.0
121022218,22801547.38
121022316,928216745.5
121022317,153390.0
121022318,2469477.5
121022319,1397680.0
121022410,1240.0
121022414,540.0
121022415,666653511.4
121022416,19614459.37
121022417,8727436.0
121022418,2347156.0
121022419,1015408.5
121022511,2000.0
121022514,300.0
121022515,318936272.3
121022516,264977359.4
121022517,45101635.0
121022518,1220818.5
121022615,1337996.9
121022616,131635794.8
121022617,357229.0
121022618,3332702.5
121022619,5400212.0
121022712,6655.0
121022714,13860.0
121022715,53847272.8
121022716,150674841.8
121022717,272142477.0
121022718,67367964.5
121022719,116870342.06
121022810,200.0
121022813,3500.0
121022815,209594785.2
121022816,10598374.19
121022817,2030904.0
121022818,9629162.0
121022819,51609872.85
121022912,1010.0
121022914,400.0
121022915,31658644.7
121022916,40843900.62
121022917,1229588275.0
121022918,2430003.0
121022919,4554745.0
121023015,1923404.0
121023016,65446600.0
121023017,9393996.0
121023018,976775.5
121023019,701958.5
121023115,39130.0
121023116,233410373.5
121023117,3041967.0
121023118,5914481.97
121023119,1463723.97
121023214,7055.0
121023215,8283641.4
121023217,8907148.0
121023218,235748882.96
121023315,24463057.19
121023316,192821987.1
121023317,6774523.0
121023318,347596.5
121023411,750.0
121023413,100.0
121023415,37212428.6
121023417,4929441.0
121023418,8688967.7
121023513,2820.0
121023514,3486872.5
121023515,67152618.68
121023516,11837905.53
121023517,33890697.0
121023614,170820.0
121023615,3256540.0
121023616,62222504.74
121023617,644495.0
121023618,17873016.0
121023619,147530273.22
121023712,1190.0
121023714,900.0
121023715,20252624.3
121023716,237323.0
121023717,820051.0
121023718,1881097.83
121023719,5956132.53
121023814,9190783.0
121023815,42715503.3
121023816,1268832.0
121023817,46061688.67
121023818,145530838.58
121023912,41510.0
121023914,259400.0
121023915,599420.0
121023916,1330803.5
121023917,27476033.0
121023918,387247.0
121023919,1170454.5
121024015,156057948.6
121024016,152082035.7
121024017,25637112.0
121024018,5302962.0
121024110,135.0
121024115,2151825.5
121024116,1929078.8
121024117,159937957.0
121024118,1019186336.23
121024215,7196756.0
121024216,12637262.27
121024217,1853816.01
121024218,185921616.56
121024219,627891.0
121024315,355677.0
121024316,197523791.1
121024317,164220663.0
121024318,3587129.82
121024319,54901055.25
121024415,4467584.0
121024416,259506847.3
121024417,2418702.0
121024418,11394436.51
121024419,754257.0
121024511,500.0
121024514,600.0
121024515,5831860.3
121024516,1296267.0
121024517,12757153.0
121024518,78923665.91
121024519,29286455.56
121024615,388332666.5
121024616,1551191.5
121024617,627421971.0
121024619,8887735.0
121024713,12795.0
121024715,24670851.9
121024716,2353213.5
121024717,160091.0
121024718,4821362.34
121024719,1392473.5
121024815,991582.0
121024816,15997808.72
121024817,2453149.0
121024819,120973463.02
121024914,598774.0
121024915,1658861425.5
121024916,4148666.6
121024917,21639813.0
121024918,131101067.99
121024919,5356443.0
121025012,80.0
121025015,135945.0
121025016,51083368.6
121025017,229507962.0
121025018,19481299.96
121025114,618196.0
121025115,137409029.8
121025116,342234.5
121025117,178652162.0
121025118,8708659.3
121025119,4116973.5
121025213,1100.0
121025214,47165374.6
121025215,14761087.58
121025216,15861166.16
121025217,534899.0
121025218,139736948.78
121025219,6341493.0
121025312,3240.0
121025314,14864.0
121025315,2351960.0
121025316,1243908.0
121025317,272316.0
121025318,4943028.64
121025319,749703.0
121025414,178490.0
121025415,501467.0
121025416,198729039.2
121025417,213473.0
121025418,537157.0
121025419,46769961.08
121025513,4321638.0
121025514,261210.0
121025515,1183688.85
121025516,69327730.48
121025517,20560267.06
121025518,1520626501.45
121025519,3787327.94
121025612,27780.0
121025614,14800.0
121025615,1077536.96
121025616,7039371.17
121025617,20954669.0
121025618,4720682.5
121025619,1107949704.83
121025712,775.0
121025715,60057994.01
121025716,56688685.61
121025717,424048805.24
121025718,3365682.0
121025719,3008230.0
121025815,12530627.68
121025816,5667952.0
121025817,4522412.0
121025818,2534855.5
121025819,135020.0
121025915,399304.0
121025916,1948760.0
121025917,121042065.0
121025918,1689958.0
121025919,54392427.18
121026015,9585014.0
121026016,1093810.0
121026017,1320524.0
121026018,2236562.0
121026019,74778916.1
121026114,154672.0
121026115,13661902.01
121026116,1125302.0
121026117,1614105.0
121026119,183350.0
121026215,1006737153.0
121026216,843310.0
121026217,558928.0
121026218,1769136.5
121026219,1911944865.95
121026314,4000.0
121026315,36408445.16
121026316,759526.0
121026317,5807856.0
121026318,2902116.5
121026414,940421.0
121026415,216000243.9
121026416,883640.0
121026417,15207043.0
121026418,487588232.9
121026419,37902230.42
121026514,163426793.1
121026515,389144352.5
121026516,745510.0
121026517,5345387.0
121026518,12485763.03
121026519,3553554.0
121026614,1016410635.3
121026616,1017220.0
121026617,8212677.0
121026618,8656637.0
121026619,175534533.78
121026713,5605.0
121026716,960353.0
121026717,3692019.0
121026718,59431246.03
121026816,141365822.7
121026817,862471426.0
121026818,59242029.38
121026819,805605.0
121026913,5250.0
121026914,1774270.5
121026916,10528278.12
121026917,23773163.0
121026918,19204193.49
121026919,330490318.8
121027012,120.0
121027016,6574498.04
121027017,17423989.0
121027018,13565513.72
121027019,5192182.2
121027113,735.0
121027116,17156192.12
121027117,152873.0
121027118,17508107.94
121027214,4855.0
121027216,98547341.55
121027217,1773807.0
121027218,19111517.11
121027314,70585887.0
121027316,532354012.8
121027317,3275833.51
121027319,2338788.5
121027414,71880.0
121027416,1288356732.0
121027417,32327724.47
121027418,1074815.0
121027419,49649069.06
121027513,6615.0
121027514,97499173.6
121027516,1561646.0
121027517,1246587858.0
121027518,17541830.0
121027519,1890368076.47
121027613,2015.0
121027614,468052.5
121027616,1928553.82
121027617,3671674.5
121027618,1565766.0
121027619,1154562.5
121027712,0.0
121027714,127323481.9
121027716,30299445.81
121027717,4178425.0
121027718,57202293.85
121027719,1450743.0
121027814,279056211.8
121027816,177431541.4
121027817,133292498.7
121027818,253554283.34
121027819,1547413.5
121027914,17050.0
121027916,988205.5
121027917,77806917.35
121027918,421350696.4
121027919,12343092.21
121028012,15960.0
121028013,1240.0
121028016,3712390.5
121028017,2638395.0
121028018,1545358.03
121028019,1875740.5
121028114,560.0
121028116,2309086.11
121028117,6100022.02
121028118,224851164.51
121028119,740803.0
121028214,1554380.0
121028216,191082889.4
121028217,5324934.5
121028218,10097673.5
121028219,2497043.7
121028314,1292268.5
121028316,8670345.9
121028317,84984282.58
121028318,7179466.0
121028319,4416590.45
121028414,21446204.8
121028416,198641319.8
121028417,5170329.0
121028419,249896477.92
121028512,225.0
121028514,970276839.8
121028516,57325797.22
121028517,370681415.84
121028518,1278044179.16
121028519,88901299.13
121028614,488223744.1
121028616,6003344.53
121028617,473914546.24
121028618,34272534.38
121028714,171633351.8
121028716,823401.8
121028717,124478239.21
121028718,3536769.0
121028719,2617932.5
121028812,785.0
121028814,132820.0
121028816,22139435.82
121028817,1886196.71
121028818,1602326.0
121028914,45591475.9
121028916,23614828.43
121028917,356061708.93
121028918,453503948.86
121028919,369016.5
121029014,123190.0
121029016,557128.5
121029018,5119114.74
121029019,3586753.0
121029113,1270.0
121029114,362839152.4
121029116,255305185.9
121029117,18552746.63
121029118,2710315.25
121029214,50987664.1
121029216,1398264684.0
121029218,84636096.26
121029219,267748808.6
121029314,621050.0
121029316,1339630.5
121029317,20836073.0
121029318,44475165.57
121029319,281077.0
121029414,23721537.6
121029416,504582.0
121029417,187196927.35
121029418,573225709.24
121029419,18070147.14
121029513,3880.0
121029514,566924625.9
121029516,2701844.0
121029517,17174328.05
121029518,21919521.32
121029612,360.0
121029614,168723.0
121029616,13346455.02
121029618,52997308.63
121029714,18000779.3
121029716,94899.0
121029718,1012749.0
121029719,3280933.02
121029812,3750.0
121029814,1797072.0
121029816,3659719.5
121029818,364844.5
121029819,2975488.0
121029914,119443669.1
121029916,57783155.18
121029918,2487021.25
121029919,14910889.98
121030014,963728813.5
121030016,1740504.3
121030018,126785757.31
121030112,490.0
121030114,7436742.5
121030116,526971891.5
121030118,8203218.52
121030119,543036.5
121030212,7440.0
121030216,208532121.8
121030218,151063497.46
121030219,16853447.16
121030316,1988742.0
121030318,643121241.37
121030319,4498564.1
121030416,56184560.62
121030418,9538379.99
121030516,1538127.69
121030518,31581067.27
121030519,371749522.96
121030616,922362215.0
121030618,623349.0
121030619,1315843.0
121030712,1500.0
121030716,298134559.0
121030718,33261829.55
121030719,7161494.96
121030813,195060.0
121030816,8459304.83
121030818,22885382.9
121030819,490745769.35
121030916,151176.0
121030918,91001263.44
121030919,10343706.65
121031012,450.0
121031016,2986806.91
121031018,5712897.7
121031019,35447031.9
121031116,193758.0
121031118,37445187.25
121031119,599348.0
121031216,31130376.01
121031218,2823286.5
121031219,1577907.9
121031318,4193953.88
121031319,1535466.0
121031412,6730.0
121031418,9311592.0
121031516,235444487.0
121031518,1861529.5
121031613,600.0
121031616,2390372.0
121031618,1269669.5
121031712,11100.0
121031716,4674744.68
121031718,4125487.0
121031816,25500264.91
121031818,2061582.5
121031912,500.0
121031913,0.0
121031916,12162604.45
121031918,87382668.68
121031919,4654563.09
121032016,665442.0
121032018,1253807.0
121032019,1850900.0
121032116,6107001.74
121032118,5054311.03
121032216,177890557.5
121032219,268686876.18
121032313,1150.0
121032316,415620874.6
121032319,87446283.62
121032416,4000811.0
121032419,220728.0
121032513,5400.0
121032516,84370.0
121032616,262803951.6
121032713,120.0
121032716,12129492.85
121032816,1081445.0
121032819,6121824.0
121032916,131572.0
121032919,160317.0
121033016,90818.0
121033019,6164575.34
121033116,95766115.0
121033119,106125455.62
121033213,35845.0
121033216,9661795.0
121033219,13079651.5
121033312,450.0
121033316,18573525.0
121033319,40822738.4
121033416,5462267.0
121033419,38460928.47
121033516,228620767.0
121033519,4125676.5
121033616,32935350.0
121033716,74550032.0
121033719,912125.4
121033816,457334.0
121033819,2226966.5
121033916,16058669.0
121033919,533483.0
121034016,3427616.0
121034019,25246662.0
121034116,4845355.0
121034212,550.0
121034216,1242819.0
121034219,30672799.21
121034316,576349256.0
121034416,45623.0
121034516,6375092.0
121034616,318472126.0
121034619,874498.0
121034716,241406432.0
121034816,551379650.0
121034916,1967378.0
121034919,1120026171.85
121035016,1790051.0
121035019,2631285.0
121035116,30465095.0
121035216,4839381.0
121035219,1281198.0
121035316,406271.0
121035516,32894785.0
121035519,5461209.45
121035616,33438652.0
121035716,356884.0
121035819,1342936.5
121035919,175003.51
121036019,190311252.73
121036119,64137344.99
121036319,836561.0
121036619,820589.0
121036719,23202909.88
121036819,2938610.5
121037019,4540375.73
121038219,3143790.5
121038319,18001772.43
122000311,860810.0
122000610,245630.0
122000611,11618085.0
122001011,67900.0
122001411,52115.0
122001412,62200.0
123000110,5830.0
123000210,1446400.0
124000110,2650.0
124000111,7680.0
124000112,12708.0
124000113,1820.0
124000115,2233891.5
124000116,824916025.1
124000117,263010.0
124000118,115785026.19
124000119,15523879.43
124000210,4070.0
124000212,20145.0
124000213,5280.0
124000216,4640706.79
124000217,886614109.0
124000218,7305550.02
124000219,212345239.88
124000310,42330.0
124000311,5320.0
124000313,131460.0
124000314,172205.0
124000315,1140.0
124000316,2048126108.0
124000317,1376726723.0
124000318,8279477.27
124000319,3196478.46
124000410,16524.0
124000412,5560.0
124000413,3780.0
124000415,541544657.5
124000417,4735418.0
124000418,5548199.52
124000419,1022685.5
124000510,3615.0
124000512,200.0
124000513,11435.0
124000514,15050.0
124000515,1171085.6
124000516,24984169.38
124000517,78977834.0
124000611,5490.0
124000613,12910.0
124000614,1440.0
124000615,60669755.8
124000616,13736207.98
124000618,2090804.5
124000619,8335973.79
124000710,6970.0
124000711,2640.0
124000715,489919.0
124000716,8448001.68
124000717,790072.0
124000718,87194421.31
124000719,1689540830.24
124000810,4610.0
124000811,6100.0
124000812,240.0
124000813,13225.0
124000814,12350.0
124000815,57395723.1
124000816,2660830.11
124000817,92186865.0
124000818,13596322.7
124000905,100.0
124000910,1010.0
124000911,94515.0
124000912,6900.0
124000913,7150.0
124000915,828885082.3
124000916,1293483.0
124000918,129789102.3
124000919,866283.0
124001012,24000.0
124001013,137595.5
124001014,240405.0
124001015,1212329.5
124001016,42761992.59
124001019,187892580.14
124001111,740.0
124001112,3590.0
124001113,20260.0
124001114,671713.0
124001115,6929900.0
124001116,78745572.01
124001117,22128515.0
124001118,5504026.84
124001119,2013404.5
124001211,450.0
124001212,620.0
124001213,22720.0
124001215,1623640.0
124001217,1097913.0
124001218,3195765.0
124001219,663160.0
124001310,15676.0
124001312,850.0
124001314,185900.0
124001316,200.0
124001317,91859405.0
124001319,6252883.58
124001410,680.0
124001411,2190.0
124001412,609274.0
124001413,740.0
124001414,2260.0
124001415,59524891.3
124001416,710343036.2
124001418,13717189.49
124001419,2878199.61
124001512,45905.0
124001514,60840.0
124001515,1085575.5
124001516,125178.0
124001517,558049518.0
124001518,39100731.01
124001519,220907433.44
124001610,25170.0
124001611,24455.0
124001612,7355.0
124001614,137685.0
124001615,21548913.0
124001617,1390392637.0
124001618,2850837.17
124001710,6275.0
124001711,58890.0
124001712,46556.0
124001714,179510.0
124001715,1646580645.7
124001718,37727251.53
124001719,32011655.55
124001813,18470.0
124001814,654165.0
124001815,268600.0
124001817,3696167.0
124001818,14877801.96
124001819,373640084.53
124001910,17055.0
124001911,10400.0
124001915,14152495.9
124001917,5480410.0
124001918,24176724.07
124002012,40995.0
124002013,39251.0
124002016,2200.0
124002017,14901756.0
124002018,81984322.3
124002019,13779632.32
124002110,350.0
124002113,150.0
124002114,19610.0
124002115,22438188.5
124002117,120700156.0
124002118,18655040.19
124002119,38045964.05
124002212,842234.0
124002213,1540.0
124002215,158025089.1
124002216,37926670.82
124002217,352061100.0
124002218,38432582.68
124002219,947288.0
124002313,6160.0
124002314,284855.0
124002315,963742523.0
124002316,543060127.4
124002318,853370310.26
124002319,1721642.08
124002411,1040.0
124002412,9530.0
124002413,1950.0
124002414,414510.0
124002415,69348521.8
124002416,513783.98
124002418,8279012.24
124002512,9880.0
124002513,150.0
124002514,474785.0
124002515,120.0
124002516,887099204.6
124002518,1125242943.91
124002519,128650.0
124002613,2310.0
124002615,7680197.5
124002616,10980741.86
124002619,1834079.5
124002713,3450.0
124002714,1198474.0
124002716,585614.0
124002717,3094683.0
124002718,3644365.83
124002812,0.0
124002813,177120.0
124002814,804056.0
124002816,1971005085.0
124002817,51992103.0
124002818,21282107.64
124002819,1035312.29
124002912,0.0
124002913,7520.0
124002914,375580.0
124002915,36128225.5
124002916,1261445.2
124002917,138329559.0
124002918,14458669.43
124002919,3370796.5
124003012,350.0
124003013,4570.0
124003014,2971539.0
124003015,18217830.4
124003016,3750.0
124003017,34163829.0
124003018,92795945.78
124003019,26931468.31
124003112,52446.0
124003114,66360.0
124003115,20747300.3
124003117,9288230.0
124003119,1384241.0
124003212,12354.0
124003213,313596.0
124003214,2464499.0
124003215,5443603.0
124003217,197948108.0
124003218,10196009.51
124003312,1100.0
124003313,600.0
124003314,16429913.0
124003315,2522400.0
124003317,1433981.0
124003318,2866852.28
124003413,4970.0
124003414,2719188.7
124003416,150542231.8
124003417,93383045.0
124003513,4715.0
124003516,1680265.85
124003517,125810499.0
124003518,116831317.07
124003519,1478921168.46
124003615,1000157204.4
124003616,2232505.12
124003617,39782331.0
124003618,4479029.99
124003712,9290.0
124003715,9395970.8
124003717,43823795.0
124003718,4326532.95
124003812,18420.0
124003813,24240.0
124003815,4715932.5
124003816,42860.0
124003818,3635744.5
124003912,1050.0
124003913,7840.0
124003916,2253020.0
124003917,38455227.0
124003918,7200148.12
124004012,288306.0
124004013,79910.0
124004015,295861890.8
124004016,3391682.18
124004018,625157209.55
124004112,25926.0
124004113,45485.0
124004115,176063513.0
124004116,35814.0
124004117,479405950.0
124004213,115494.0
124004215,20380982.2
124004216,313957175.4
124004217,576773365.0
124004218,5486662.94
124004219,4521233.86
124004315,91534194.69
124004316,52288343.07
124004318,10348980.14
124004413,39870.0
124004415,6000.0
124004416,4004861.5
124004417,57876925.56
124004418,739485125.85
124004515,9716033.99
124004517,6607377.87
124004518,14919031.21
124004519,487397070.11
124004616,744089095.3
124004716,64734023.48
124004718,3377378.97
124004816,8189682.18
124004819,1135592.0
124005016,693607669.5
124005018,354447104.73
124005019,24966272.15
124005116,34979.5
124005118,988639946.66
124005219,5422352.53
124005316,273999867.0
124005319,1280497.5
124005416,4475530.0
124005418,64396723.21
124005519,29753721.74
124005619,517116584.52
124005719,16277926.46
124005819,94900.0
124005919,136958.0
124006019,874071.0
124006119,79605056.95
124006219,73700.0
124006319,75300.0
124006419,977447.5
124006619,32198090.69
124006719,1252718.5
124006819,5966157.5
124006919,2488435.51
124007019,1666556.5
124007719,508898.5
124007819,25475357.99
124008019,4390438.01
124008119,689483900.11
124008319,12875350.34
124008619,39487690.69
124008819,792451044.86
124009019,7899828.75
124009119,908580.5
124009319,38067198.96
124009519,4012546.5
124009619,1827244672.81
124009719,3885434.5
124009819,2312351.5
124009919,1550212.0
124010419,4963920.97
126000115,2009311.0
126000116,596373.0
126000117,5477552.0
126000118,168050.5
126000216,65150.0
126000217,293011.0
126000218,3131773.0
126000315,515980.0
126000316,812581.0
126000317,7900.0
126000318,3980140.5
126000319,1230644.0
126000415,1414772.5
126000416,1461209.0
126000417,2979145.0
126000418,539875.0
126000515,742164.0
126000516,1799719.51
126000517,5251129.0
126000518,2857464.0
126000519,750963.0
126000613,107750.0
126000616,2552910.0
126000617,8171896.0
126000618,234730.0
126000619,6308384.48
126000713,198270.0
126000715,25685.0
126000716,277367.0
126000717,1915621.0
126000718,1891021.0
126000719,463862.0
126000815,255735.0
126000816,36910.0
126000817,1378063.0
126000818,1627095.55
126000916,774210.0
126000918,953887.5
126001011,300.0
126001017,206188.0
126001018,3802554.0
126001019,380009.0
126001115,633970.0
126001116,3776087.56
126001117,91533.0
126001118,789792.5
126001216,184590.0
126001217,485603.0
126001218,5251755.5
126001315,50672.4
126001316,1017545.5
126001318,907478.0
126001415,178848.0
126001416,980911.0
126001417,6426560.0
126001418,1182864.5
126001512,16330.0
126001516,683318.0
126001517,175595.0
126001616,539250.0
126001618,3616937.28
126001716,256710.0
126001718,782806.5
126001719,1485359.0
126001811,421940.0
126001816,274600.0
126001818,757479.5
126001819,1385124.0
126001915,1195318.0
126001916,2178445.6
126002011,14500.0
126002015,5175580.5
126002019,761290.0
126002115,3782.0
126002116,47800.0
126002214,17783670.0
126002215,6900.0
126002216,702194.0
126002218,6002856.0
126002219,90290.0
126002311,3000.0
126002315,9616976.0
126002316,69505.0
126002319,906638.0
126002414,22769680.0
126002415,2713337.0
126002416,567812.0
126002419,3267514.61
126002518,1957365.0
126002519,49588994.97
126002615,6615812.5
126002616,909174.0
126002618,559464.5
126002619,752334.5
126002712,329526.0
126002715,768329.5
126002716,600900.0
126002814,197515.0
126002815,1954807.0
126002816,1467311.5
126002819,1524797.5
126002915,649742.0
126002916,2686896.0
126002918,185394.5
126002919,284470.0
126003016,45300.0
126003019,137200.0
126003112,103210.0
126003114,195810.0
126003115,59650.0
126003118,4386600.58
126003219,2255594.0
126003315,73610.0
126003319,1423419.05
126003414,402235.0
126003418,4839873.5
126003419,451387.0
126003512,44350.0
126003515,371909.0
126003516,323348.5
126003518,991888.0
126003519,38330.0
126003615,5350538.0
126003619,888182.0
126003715,1101928.0
126003815,327836.0
126003818,678340.0
126003819,1549242.52
126004016,685838.0
126004116,102940.0
126004118,1416635.0
126004216,293066.0
126004218,1362546.5
126004219,9319951.95
126004316,82130.0
126004319,891517.5
126004416,450488.0
126004419,6330992.5
126004516,6262239.08
126004519,1170658.0
126004616,64943.0
126004619,1228130.0
126004716,367404.0
126004719,312396.0
126004816,450962.0
126004819,1857607.0
126004914,900.0
126004916,478654.0
126004919,353361.0
126005116,392225.0
126005119,426247.5
126005214,1819529.0
126005216,268312.0
126005316,489652.0
126005414,5691184.3
126005416,2146546.0
126005419,419324.0
126005516,750871.0
126005519,956554.5
126005616,5484100.4
126005619,379195.0
126005716,201949.5
126005816,2273871.01
126005916,1025937.0
126006016,354757.0
126006116,1428642.0
126006216,120069.0
126006316,2266408.0
126006419,1510714.08
126006619,443885.5
126006919,12300474.55
126007019,116360.0
126007219,59829.0
126007319,83285.0
126007419,2081733.0
126007719,372702.5
126007819,1032821.51
126007919,219569.0
131000111,4775.0
131000115,429369.0
131000116,1056703.0
131000117,226848.0
131000118,930183.0
131000213,0.0
131000216,61987.5
131000217,37960.0
131000315,375529.0
131000318,182178.0
131000414,1190624.5
131000417,2152951.0
131000418,4231790.0
131000614,1003722.5
131000813,200.0
134000117,8100527.0
136000117,122554.0
211005310,3320.0
211005918,722415.0
211024117,5561387.0
211029413,650.0
211050311,6340.0
211055715,6400.0
212018710,420.0
214006116,51164.0
221015616,1075.0
221016714,2850.0
221017616,101700.0
221019614,250.0
221019816,66612.0
221021314,1030.0
221027316,1200.0
221033214,1090.0
221033514,520.0
221035012,200.0
221038210,3155.0
221039113,340.0
221045311,360.0
221050715,1900.0
221051015,2375.0
221054810,31800.0
221059612,7800.0
221078010,16700.0
221115810,140.0
221159810,250.0
224001016,250.0
224001915,1360.0
224001916,24500.0
224002216,850.0
224002316,750.0
224003711,125.0
224013814,1230.0
224014814,1530.0
224021411,9270.0
224022410,400.0
224023210,360.0
224026410,400.0
